title,videoId,viewCount,likeCount,dislikeCount,commentCount,favoriteCount
Inside Google&#39;s Massive Headquarters,Z-pT0XDYvDM,2137246,31590,0,1565,0
Diana and Dad - Funny Stories for Kids,qmNVJ4ZWQY0,439409976,1680747,0,0,0
Must Watch New Funny Video 2021 Top New Comedy Video 2021 Try To Not Laugh Episode 43 By #Mahafuntv,GXUrIt8PkN4,25009185,121266,0,1722,0
Google interns&#39; first week,9No-FiEInLA,12082163,124651,0,8266,0
Google Presents: Pixel Fall Launch,WNarpiGz3Kk,2156061,59575,0,0,0
How Google Search Works (in 5 minutes),0eKVizvYSUQ,19562707,121010,0,5686,0
Fun Google Secrets,Nsbp0GQHOGc,13563920,221878,0,9676,0
TRY TO NOT LAUGH CHALLENGE. MUST WATCH NEW COMEDY VIDEOS 2021.Non Stop fun. Episode 113,PTqtr3VSD5Q,10443998,39913,0,818,0
Must Watch New Funny Video 2021 Top New Comedy Video 2021 Try To Not Laugh Episode 192 @MY FAMILY,ATPu_FsotFE,119692285,404622,0,5426,0
"Google Google  Thuppakki Movie Songs | Star - Vijay ,Kajal Aggarwal",WdMxxHMjmAM,4279091,30742,0,678,0
Google -- Year In Search 2021,EqboAI-Vk-U,236792741,167170,0,8721,0
mere ko Google,V7P4zE2ob54,1293973,28442,0,67,0
vlaad ek suprhiiro meN bdl jaataa hai  bccoN ke lie sNkln viiddiyo,KSIVrFui5Hg,296217156,1245023,0,0,0
HORROR COOKING - MAKING SEA LAMPREY STEAK,P7IvYsQuZCc,61711111,223367,0,8902,0
PAAGAL BETA 33 | Jokes | CS Bisht Vines | Desi Comedy Video | School Classroom Jokes,VbVD6sA5RC0,11410555,78193,0,1422,0
ZOMBIE GIRL ESCAPE PREGNANCY PRANK BATTLE - Doctor Nerf Guns Couple Zombies Crime | Sky Nerf War,-EjsCBHEbbk,91154741,267755,0,3273,0
#Paagal Title Video Song  | Paagal Songs | Vishwak Sen | Naressh Kuppili | Ram Miryala | Radhan,af7DT6QQAqU,10385525,196267,0,3249,0
"Harry Potter&#39;s head made from polymer clay, sculpture timelapse[(Clay Artisan JAY)] #Shorts",U8LD20wTigE,90731969,2281899,0,5028,0
mitthaaii aur kaiNddii bccoN ke viiddiyo ke baare meN khaanii | Heidi &amp; Zidane,geubitVgK14,144931993,553622,0,0,0
Formula Mega Ramp Car Racing Simulator - Impossible Car Stunts Simulator 2022 - Android GamePlay,nKAqvTnr9bU,8726541,28970,0,361,0
dusstt dipur dussttmii -3 | Top New Comedy Video 2020_Try To Not Laugh | Very Funny videos | Chotu Dipu,Gow7HG7bwpM,105884230,388036,0,5535,0
Google My Bulbul | Funny Google Song | Krsna Solo | English Search Engine Song | Funzoa Funny Videos,p0ysH2Glw5w,20409032,301867,0,27783,0
Amazing Barbie Pregnant and Hairstyle ~ DIY Barbie Hacks.,zoffV5rUydI,42967430,159548,0,2912,0
GOOGLY - Blockbuster Hindi Dubbed Action Romantic Movie | Yash Movies Hindi Dubbed | South Movie,IMCDispQSTI,30635997,276909,0,4991,0
Junya1gou funny video ,TqZLFf58oYw,125721770,1361072,0,16493,0
Google Pixel 6 - For All You Are,xMZaObIQps8,7268706,64156,0,0,0
GUARD DOG SAVES HELPLESS GOATS LIFE CAUGHT ON GOOGLE NEST CAM,ZUzA6BDEjp4,8131,2695,0,479,0
3 AMAZING HANDS TRICKS IN GOOGLE  //BY VOV TAMIL ,fmwG4SkNFwE,90887,4659,0,26,0
Worst Things People Search on Google || T Talks,cUC6ZtS8nz4,839,49,0,2,0
El Chombo - Dame Tu Cosita feat. Cutty Ranks (Official Video) [Ultra Music],FzG4uDgje3M,3811554167,15272648,0,663111,0
iPhone (Apple) SE BURLA de los celulares Android (Samsung y Google) en su sitio web,a2wQB600nB0,56071,6225,0,912,0
Google Opinion Rewards Live Earning Proof | Google Opinion Rewards se jyada paise kaise kamaye 2021,4ZQQbejNIcE,166035,12521,0,78,0
Ne cherche jamais ce mot sur GOOGLE (vraiment stp ),-1MRV0zxxa4,668775,29991,0,2535,0
In The Pool BALLOON in COCA Cola  PRANK!  ONLY BALLOON COCA COLA hair KEREM&#39;IN JOKE 1,2EVFc2Jha70,389278265,0,0,0,0
Google ki panchayat - Saurabh Rathore,vROgT-rzxMc,173398,13418,0,1359,0
How to Permanently FIX Speech Services By Google Notification Keep Popping-Up Over &amp; Over Again,McpoxYK8TUg,4376,45,0,36,0
"Googly - guugli |  Kannada Full HD Movie | Kannada New Movies | Yash, Kriti Kharbanda",icvr4vBDLMU,44398292,183986,0,8012,0
10 SEGREDOS E TRUQUES DO GOOGLE que voce TEM QUE TESTAR,erBueBWtzSc,1786171,203191,0,4032,0
10 Trucos de Google que debes probar !YA!  #7,m3PHSm_Rw0o,1839792,113793,0,4492,0
10 Video Bi An ma Google Maps khong muon ban nhin thay I Siren Head,Uz6BETT6fLI,1671231,8425,0,736,0
chii`iio` Google khid`yaangairkab Web 3.0 aela Metaverse | The Secret Sauce EP.492,Wq6axR_B234,46628,1300,0,22,0
Scary Teacher 3D | Try not to Laugh Google Pronunciation,9XTGOgVCLhg,266389,7870,0,55,0
10 Trucos de Google que debes probar !YA!  #6,N7nTQgcsbL0,2607794,112585,0,5893,0
Make $1500 Per Day From Google News! (Make Money Online),pK7r6WVcYYk,9129,618,0,99,0
Wo Wan Ju Liao GoogleZi Shen Gong Cheng Shi De offer,erlOBf7auSE,393646,26144,0,921,0
Google pay Indi - Home build Offer !! Full T&amp;c !! Google Pay New offer 2022 !!,-uxGzM7vHNs,14490,990,0,78,0
"Google CEO Sundar pichai secret and salary, secret Sundar pichai by arvind Arora sir,A2 Brand,a2 sir",-uR24uFW644,57432,3732,0,8,0
Soi Con Wolfoo Biet Tiet Kiem | Bao Ve Moi Truong | Phim Hoat Hinh Wolfoo Tieng Viet,akM_tn010Xw,5892226,19332,0,0,0
Remove Speech services by Google downloading English (US) update waiting for network connection!!,XkE5KW9CcuA,17033,228,0,39,0
